{"fadeOut":5.914999999999999,"speed":0.22099999999999997,"fadeIn":0.59,"base":0.3069}