{"fadeOut":5.914999999999999,"speed":0.22099999999999997,"fadeIn":1.4449999999999998,"base":0.2178}